Workbook

Sheet 使い方
A1: 国際観光旅客税 月次集計テンプレート（국제관광여객세 월간 집계 서식）
A3: ■ 使い方（사용법）
A4: 1. 「設定」シートで対象年月・会社名・出入国港を入力（「설정」 시트에 대상 연월·회사명·출입국항 입력）
A5: 2. 「便別集計」に出国する便を1行ずつ入力。黄色のセルだけ入力し、灰色は自動計算（「편별 집계」에 출국편을 한 줄씩. 노란 칸만 입력, 회색은 자동 계산）
A6: 3. 「差」が0でない行は、区分の人数を見直す。「PSFC差」は空港の旅客施設使用料の人数との照合（「차」가 0이 아니면 인원 재확인. 「PSFC 차」는 여객시설사용료 인원 대조）
A7: 4. 「計算書集計」の出入国港ごとの人数・税額を、税務署（e-Tax）などに出す計算書に転記（「계산서 집계」의 항별 인원·세액을 계산서에 옮겨 적기）
A8: 5. 「月次チェック」で証拠・保存・納付を確認（「월차 체크」로 증빙·보존·납부 확인）
A10: ■ 制度の要点（제도 요점）
A11: ・税率：2026年7月1日以後の出国は1人3,000円。6月30日までに運送契約（発券）し、出国日が決まっていて、7月1日以後に出国日を変えていない等の場合は旧税率1,000円（경과 조치）
A12: ・納付期限：出国した月の翌々月末日（例：7月出国分は9月30日）（납부 기한: 출국한 달의 익익월 말일）
A13: ・不課税：乗員、退去強制等、公用機・公用船、外国に寄らず帰国 など／非課税：24時間以内の乗継、天候等で寄港、2歳未満／免税：外交官等の公用（書類が必要）
A14: ・帳簿は納期限の翌日から7年間保存。2026年7月1日前の契約で旧税率が適用される旨も記載する（帳簿の記載事項⑪）
... A23: 青＝見出し（파란색 = 제목）

Sheet 設定
A1: 設定（설정）
A3: 対象年月（대상 연월） | B3: 46204 | C3: 月の1日を入力（예: 2026/07/01）
A4: 会社名（회사명） | B4: 〇〇航空 日本支店
A5: 新税率（円） | B5: 3000 | C5: 2026年7月1日以後の出国
A6: 旧税率（円） | B6: 1000 | C6: 経過措置の対象
A7: 納付期限（납부 기한） | B7: =EOMONTH(B3,2) -> 46295 | C7: 自動：対象月の翌々月末日
A9: 出入国港（출입국항）— 最大6
A10: NRT
A11: HND
A12: KIX

Sheet 便別集計
A1: 日付 날짜 | B1: 便名 편명 | C1: 区間 구간 | D1: 出国港 출국항 | E1: 出発時刻 출발 | F1: 旅客総数 여객 총수 | G1: 課税（新税率） 과세(신) | H1: 課税（旧税率） 과세(구) | I1: 不課税 불과세 | J1: 非課税 비과세 | K1: 免税 면세 | L1: 区分合計 구분 합계 | M1: 差 차 | N1: 税額（円） 세액 | O1: PSFC人数 시설사용료 인원 | P1: PSFC差 대조 차 | Q1: 備考（根拠） 비고(근거)
A2: 46206 | B2: XX123 | C2: NRT-ICN | D2: NRT | E2: 0.41666667 | F2: 294 | G2: 250 | H2: 40 | I2: 1 | J2: 2 | K2: 1 | L2: =IF(F2="","",SUM(G2:K2)) -> 294 | M2: =IF(F2="","",F2-L2) -> 0 | N2: =IF(F2="","",G2*設定!$B$5+H2*設定!$B$6) -> 790000 | O2: 294 | P2: =IF(OR(O2="",F2=""),"",O2-F2) -> 0 | Q2: 例（削除して使用）：INF 2・退去強制 1・免税出国表 1
L3: =IF(F3="","",SUM(G3:K3)) | M3: =IF(F3="","",F3-L3) | N3: =IF(F3="","",G3*設定!$B$5+H3*設定!$B$6) | P3: =IF(OR(O3="",F3=""),"",O3-F3)
L4: =IF(F4="","",SUM(G4:K4)) | M4: =IF(F4="","",F4-L4) | N4: =IF(F4="","",G4*設定!$B$5+H4*設定!$B$6) | P4: =IF(OR(O4="",F4=""),"",O4-F4)
L5: =IF(F5="","",SUM(G5:K5)) | M5: =IF(F5="","",F5-L5) | N5: =IF(F5="","",G5*設定!$B$5+H5*設定!$B$6) | P5: =IF(OR(O5="",F5=""),"",O5-F5)
L6: =IF(F6="","",SUM(G6:K6)) | M6: =IF(F6="","",F6-L6) | N6: =IF(F6="","",G6*設定!$B$5+H6*設定!$B$6) | P6: =IF(OR(O6="",F6=""),"",O6-F6)
L7: =IF(F7="","",SUM(G7:K7)) | M7: =IF(F7="","",F7-L7) | N7: =IF(F7="","",G7*設定!$B$5+H7*設定!$B$6) | P7: =IF(OR(O7="",F7=""),"",O7-F7)
L8: =IF(F8="","",SUM(G8:K8)) | M8: =IF(F8="","",F8-L8) | N8: =IF(F8="","",G8*設定!$B$5+H8*設定!$B$6) | P8: =IF(OR(O8="",F8=""),"",O8-F8)
L9: =IF(F9="","",SUM(G9:K9)) | M9: =IF(F9="","",F9-L9) | N9: =IF(F9="","",G9*設定!$B$5+H9*設定!$B$6) | P9: =IF(OR(O9="",F9=""),"",O9-F9)
L10: =IF(F10="","",SUM(G10:K10)) | M10: =IF(F10="","",F10-L10) | N10: =IF(F10="","",G10*設定!$B$5+H10*設定!$B$6) | P10: =IF(OR(O10="",F10=""),"",O10-F10)
L11: =IF(F11="","",SUM(G11:K11)) | M11: =IF(F11="","",F11-L11) | N11: =IF(F11="","",G11*設定!$B$5+H11*設定!$B$6) | P11: =IF(OR(O11="",F11=""),"",O11-F11)
L12: =IF(F12="","",SUM(G12:K12)) | M12: =IF(F12="","",F12-L12) | N12: =IF(F12="","",G12*設定!$B$5+H12*設定!$B$6) | P12: =IF(OR(O12="",F12=""),"",O12-F12)
L13: =IF(F13="","",SUM(G13:K13)) | M13: =IF(F13="","",F13-L13) | N13: =IF(F13="","",G13*設定!$B$5+H13*設定!$B$6) | P13: =IF(OR(O13="",F13=""),"",O13-F13)
L14: =IF(F14="","",SUM(G14:K14)) | M14: =IF(F14="","",F14-L14) | N14: =IF(F14="","",G14*設定!$B$5+H14*設定!$B$6) | P14: =IF(OR(O14="",F14=""),"",O14-F14)
... L63: =IF(F63="","",SUM(G63:K63)) | M63: =IF(F63="","",F63-L63) | N63: =IF(F63="","",G63*設定!$B$5+H63*設定!$B$6) | P63: =IF(OR(O63="",F63=""),"",O63-F63)
A64: 合計（합계） | F64: =SUM(F3:F63) -> 0 | G64: =SUM(G3:G63) -> 0 | H64: =SUM(H3:H63) -> 0 | I64: =SUM(I3:I63) -> 0 | J64: =SUM(J3:J63) -> 0 | K64: =SUM(K3:K63) -> 0 | L64: =SUM(L3:L63) -> 0 | M64: =SUM(M3:M63) -> 0 | ... P64: =SUM(P3:P63) -> 0
A65: ※ 合計は例の行（2行目）を除いて計算（합계는 예시 행 제외）

Sheet 計算書集計
A1: 計算書集計（계산서 집계）
A2: 対象年月 | B2: =設定!B3 -> 46204
A3: 納付期限 | B3: =設定!B7 -> 46295
A5: 出入国港 출입국항 | B5: 旅客総数 여객 총수 | C5: 課税（新） 과세(신) | D5: 課税（旧） 과세(구) | E5: 不課税 불과세 | F5: 非課税 비과세 | G5: 免税 면세 | H5: 課税される人数 과세 인원 | I5: 税額（円） 세액
A6: =IF(設定!A10="","",設定!A10) -> NRT | B6: =IF($A6="","",SUMIFS(便別集計!$F$3:$F$63,便別集計!$D$3:$D$63,$A6)) -> 0 | C6: =IF($A6="","",SUMIFS(便別集計!$G$3:$G$63,便別集計!$D$3:$D$63,$A6)) -> 0 | D6: =IF($A6="","",SUMIFS(便別集計!$H$3:$H$63,便別集計!$D$3:$D$63,$A6)) -> 0 | E6: =IF($A6="","",SUMIFS(便別集計!$I$3:$I$63,便別集計!$D$3:$D$63,$A6)) -> 0 | F6: =IF($A6="","",SUMIFS(便別集計!$J$3:$J$63,便別集計!$D$3:$D$63,$A6)) -> 0 | G6: =IF($A6="","",SUMIFS(便別集計!$K$3:$K$63,便別集計!$D$3:$D$63,$A6)) -> 0 | H6: =IF($A6="","",C6+D6) -> 0 | I6: =IF($A6="","",C6*設定!$B$5+D6*設定!$B$6) -> 0
A7: =IF(設定!A11="","",設定!A11) -> HND | B7: =IF($A7="","",SUMIFS(便別集計!$F$3:$F$63,便別集計!$D$3:$D$63,$A7)) -> 0 | C7: =IF($A7="","",SUMIFS(便別集計!$G$3:$G$63,便別集計!$D$3:$D$63,$A7)) -> 0 | D7: =IF($A7="","",SUMIFS(便別集計!$H$3:$H$63,便別集計!$D$3:$D$63,$A7)) -> 0 | E7: =IF($A7="","",SUMIFS(便別集計!$I$3:$I$63,便別集計!$D$3:$D$63,$A7)) -> 0 | F7: =IF($A7="","",SUMIFS(便別集計!$J$3:$J$63,便別集計!$D$3:$D$63,$A7)) -> 0 | G7: =IF($A7="","",SUMIFS(便別集計!$K$3:$K$63,便別集計!$D$3:$D$63,$A7)) -> 0 | H7: =IF($A7="","",C7+D7) -> 0 | I7: =IF($A7="","",C7*設定!$B$5+D7*設定!$B$6) -> 0
A8: =IF(設定!A12="","",設定!A12) -> KIX | B8: =IF($A8="","",SUMIFS(便別集計!$F$3:$F$63,便別集計!$D$3:$D$63,$A8)) -> 0 | C8: =IF($A8="","",SUMIFS(便別集計!$G$3:$G$63,便別集計!$D$3:$D$63,$A8)) -> 0 | D8: =IF($A8="","",SUMIFS(便別集計!$H$3:$H$63,便別集計!$D$3:$D$63,$A8)) -> 0 | E8: =IF($A8="","",SUMIFS(便別集計!$I$3:$I$63,便別集計!$D$3:$D$63,$A8)) -> 0 | F8: =IF($A8="","",SUMIFS(便別集計!$J$3:$J$63,便別集計!$D$3:$D$63,$A8)) -> 0 | G8: =IF($A8="","",SUMIFS(便別集計!$K$3:$K$63,便別集計!$D$3:$D$63,$A8)) -> 0 | H8: =IF($A8="","",C8+D8) -> 0 | I8: =IF($A8="","",C8*設定!$B$5+D8*設定!$B$6) -> 0
A9: =IF(設定!A13="","",設定!A13) | B9: =IF($A9="","",SUMIFS(便別集計!$F$3:$F$63,便別集計!$D$3:$D$63,$A9)) | C9: =IF($A9="","",SUMIFS(便別集計!$G$3:$G$63,便別集計!$D$3:$D$63,$A9)) | D9: =IF($A9="","",SUMIFS(便別集計!$H$3:$H$63,便別集計!$D$3:$D$63,$A9)) | E9: =IF($A9="","",SUMIFS(便別集計!$I$3:$I$63,便別集計!$D$3:$D$63,$A9)) | F9: =IF($A9="","",SUMIFS(便別集計!$J$3:$J$63,便別集計!$D$3:$D$63,$A9)) | G9: =IF($A9="","",SUMIFS(便別集計!$K$3:$K$63,便別集計!$D$3:$D$63,$A9)) | H9: =IF($A9="","",C9+D9) | I9: =IF($A9="","",C9*設定!$B$5+D9*設定!$B$6)
A10: =IF(設定!A14="","",設定!A14) | B10: =IF($A10="","",SUMIFS(便別集計!$F$3:$F$63,便別集計!$D$3:$D$63,$A10)) | C10: =IF($A10="","",SUMIFS(便別集計!$G$3:$G$63,便別集計!$D$3:$D$63,$A10)) | D10: =IF($A10="","",SUMIFS(便別集計!$H$3:$H$63,便別集計!$D$3:$D$63,$A10)) | E10: =IF($A10="","",SUMIFS(便別集計!$I$3:$I$63,便別集計!$D$3:$D$63,$A10)) | F10: =IF($A10="","",SUMIFS(便別集計!$J$3:$J$63,便別集計!$D$3:$D$63,$A10)) | G10: =IF($A10="","",SUMIFS(便別集計!$K$3:$K$63,便別集計!$D$3:$D$63,$A10)) | H10: =IF($A10="","",C10+D10) | I10: =IF($A10="","",C10*設定!$B$5+D10*設定!$B$6)
A11: =IF(設定!A15="","",設定!A15) | B11: =IF($A11="","",SUMIFS(便別集計!$F$3:$F$63,便別集計!$D$3:$D$63,$A11)) | C11: =IF($A11="","",SUMIFS(便別集計!$G$3:$G$63,便別集計!$D$3:$D$63,$A11)) | D11: =IF($A11="","",SUMIFS(便別集計!$H$3:$H$63,便別集計!$D$3:$D$63,$A11)) | E11: =IF($A11="","",SUMIFS(便別集計!$I$3:$I$63,便別集計!$D$3:$D$63,$A11)) | F11: =IF($A11="","",SUMIFS(便別集計!$J$3:$J$63,便別集計!$D$3:$D$63,$A11)) | G11: =IF($A11="","",SUMIFS(便別集計!$K$3:$K$63,便別集計!$D$3:$D$63,$A11)) | H11: =IF($A11="","",C11+D11) | I11: =IF($A11="","",C11*設定!$B$5+D11*設定!$B$6)
A12: 合計 | B12: =SUM(B6:B11) -> 0 | C12: =SUM(C6:C11) -> 0 | D12: =SUM(D6:D11) -> 0 | E12: =SUM(E6:E11) -> 0 | F12: =SUM(F6:F11) -> 0 | G12: =SUM(G6:G11) -> 0 | H12: =SUM(H6:H11) -> 0 | I12: =SUM(I6:I11) -> 0
A14: 確認（확인） | B14: =IF(B12=便別集計!F64,"OK：便別集計と一致","要確認：出国港が未入力の便あり") -> OK：便別集計と一致
B15: =IF(I12=便別集計!N64,"OK：税額が一致","要確認") -> OK：税額が一致
A17: ※ 計算書には、出入国港ごとの人数と、課税されない人（不課税・非課税・免税）の人数を書く。書き方は国税庁の最新の様式で確認。

Sheet 月次チェック
A1: 月次チェックリスト（월차 체크리스트）
A3: 済 완료 | B3: 項目（항목） | C3: 担当・日付（담당·날짜）
A4: ☐ | B4: 毎日：DCS・APISの搭乗実績で便ごとに入力（매일 DCS·APIS로 편별 입력）
A5: ☐ | B5: 2歳未満（INF）の人数をDCS・APISで確認（유아 인원 확인）
A6: ☐ | B6: 乗継・不課税・免税の根拠を保存（航空券の旅程、免税出国表の原本など）（근거 보존）
A7: ☐ | B7: 経過措置（旧税率）の旅客：発券日・出国日の変更履歴を確認（구 세율 대상: 발권일·변경 이력 확인）
A8: ☐ | B8: 月末：「差」がすべて0か確認（월말: 차가 모두 0인지）
A9: ☐ | B9: 月末：空港会社の旅客施設使用料の人数と照合し、差の原因を記録（시설사용료 인원 대조）
A10: ☐ | B10: コードシェア便：免税書類の写しを販売した会社から入手できるか確認（코드셰어 면세 서류 사본）
A11: ☐ | B11: 翌月：支払いの決裁・伝票（預り金）を処理（지급 결재·전표）
A12: ☐ | B12: 翌月：集計表と証拠を税理士に渡し、計算書の作成を依頼（세리사에게 계산서 작성 의뢰）
A13: ☐ | B13: 納付：期限（翌々月末日）の前に納付・計算書を提出（기한 전 납부·제출）
A14: ☐ | B14: 保存：帳簿・証拠を納期限の翌日から7年間保存（7년 보존）
